Country,Mining,EcOrg,YrsOpen,EngFrac,OthFrac,RERD,EQINV,NONEQINV,BMS6087,GDC6089,PI6089,SCOUT,STDC6089,STPI6089,bmp1,area,freeop,freetar,laam,safrica,pyr60,syr60,hyr60,human60,p60,s60,h60,lifee060,ggcfd3,geerec1,gde1,assassp2,revcoup,pinstab2,wardum,prightsb,civlibb,tot1,ABSLATIT,BRIT,BUDDHA,CATH,CONFUC,DEMOC65,FRAC,FRENCH,HINDU,JEW,MUSLIM,PRIEXP70,PROT,RULELAW,SPAIN,URB60,gr56092,dpop6090,gdpsh60l,humanyl,lly1,work60l,lforce60,gvxdxe52
Algeria,0.195999994874001,0,0,0,0.836000025272369,190,0.0507000014185905,0.190699994564056,186.555465698242,21.0690002441406,8.0649995803833,1,13.3030004501343,10.1800003051758,0.130999997258186,2382,0.218471005558968,0.0270869992673397,0,0,0.736000001430511,0.101999998092651,0.0130000002682209,0.850000023841858,0.46000000834465,0.0799999982118607,0.00300000002607703,47.2999992370605,0.230100005865097,0.0296999998390675,0.0299999993294477,0,0.123000003397465,0.166500002145767,0,5.83333301544189,5.88888883590698,-0.012636000290513,36.7200012207031,0,0,0,0,0.272000014781952,0.430000007152557,1,0,0.00499999988824129,0.990000009536743,0.933000028133392,0.00499999988824129,0.333333343267441,0,0.303999990224838,0.0136901717633009,0.0284170787781477,7.43897151947021,6.3231258392334,,-1.33029210567474,2855.52001953125,0.0590999983251095
Benin,0.00899999961256981,0,0.111000001430511,0,0,126,0.00579999992623925,0.102399997413158,4.48958301544189,,6.34819984436035,0,,4.86460018157959,0.0500000007450581,113,0.220811992883682,0.051731999963522,0,1,,0.068000003695488,0.0109999999403954,,0.270000010728836,0.0199999995529652,0,38.9000015258789,0.0226000007241964,0.0248000007122755,0.0179999992251396,,0.100000001490116,,0,7,6.38888883590698,0.0193119999021292,6.36399984359741,0,0,0.0700000002980232,0,0.247000008821487,0.620000004768372,1,0,0,0.150000005960464,0.896000027656555,0.0799999982118607,,0,0.0949999988079071,-0.00658589648082852,0.0239653140306473,7.01929664611816,,,-0.488411992788315,1372.62329101562,0.204319998621941
Botswana,0.532999992370605,5,0.356000006198883,0,0,131,0.130899995565414,0.152999997138977,23.3884754180908,,7.86199998855591,0,,8.21000003814697,0.0719999969005585,582,,,0,1,1.17400002479553,0.0900000035762787,0.00700000021606684,1.27100002765656,0.419999986886978,0.00999999977648258,0,45.7000007629395,0.0775000005960464,0.0299999993294477,,0,0,0,0,2.05555605888367,3,,21.5359992980957,1,0,0.25,0,,0.509999990463257,0,0,0,0,0.75,0.25,0.833333313465118,0,0.0179999992251396,0.0561946555972099,0.0331499576568604,6.28413438796997,7.98713493347168,,-0.824395477771759,210.918487548828,
"Burkina Faso",0.00100000004749745,1,0,0,0,130,,,4.48958301544189,,4.93480014801025,0,,5.60249996185303,0.0500000007450581,274,,,0,1,,,,,0.0799999982118607,0.00999999977648258,,36.2999992370605,0.0984999984502792,0.0182000007480383,0.017000000923872,0,0.412999987602234,0.100000001490116,0,5.5,4.88888883590698,0.0725810006260872,12.048999786377,0,0,0.100000001490116,0,0.0719999969005585,0.680000007152557,1,0,0,0.25,0.955999970436096,0,0.5,0,0.0469999983906746,0.00420588720589876,0.0231597498059273,6.15273284912109,,,,,0.0492799989879131
Burundi,0.00999999977648258,4,0,0,0,167,0.00760000012814999,0.0436000004410744,20.7912979125977,24.1340007781982,5.79500007629395,0,40.7000007629395,9.46000003814697,0.00400000018998981,28,0.249605998396873,0.0498390011489391,0,1,,,,,0.180000007152557,0.00999999977648258,0,41.7999992370605,0.0274000000208616,0.0183000005781651,0.0140000004321337,0,0.39300000667572,0.166500002145767,1,6.83333301544189,6.16666698455811,,3.36500000953674,0,0,0.620000004768372,0,0.579999983310699,0.0399999991059303,0,0,0,0.00999999977648258,0.976999998092651,0.0500000007450581,,0,0.0219999998807907,-0.00261120847426355,0.0202794875949621,6.37842607498169,,,-0.50666755437851,1776.17004394531,0.0501799993216991
Cameroon,0.0879999995231628,5,0.156000003218651,0,0.00700000021606684,187,0.00400000018998981,0.125,4.47261476516724,17.4370002746582,7.11800003051758,1,13.5799999237061,5.84000015258789,0.0500000007450581,475,0.197079002857208,0.0457039996981621,0,1,,0.303999990224838,0.00899999961256981,,0.649999976158142,0.0199999995529652,0.0020000000949949,43.4000015258789,0.0388999991118908,0.0220999997109175,0.0240000002086163,0,0.0799999982118607,0,0,6.05555486679077,5.55555486679077,-0.041143998503685,10.7299995422363,0,0,0.159999996423721,0,0.560000002384186,0.889999985694885,1,0,0,0.159999996423721,0.915000021457672,0.170000001788139,0.5,0,0.138999998569489,0.0122393500059843,0.0263432525098324,6.54678535461426,,0.134823992848396,-0.71662050485611,2587.05493164062,0.124360002577305
"Central African Republic",0.0299999993294477,3,0,0,0,156,,,4.47667598724365,11.1230001449585,7.64099979400635,0,14.8070001602173,7,0.0500000007450581,623,0.193492993712425,0.0352779999375343,0,1,,0.10700000077486,0.0109999999403954,,0.319999992847443,0.00999999977648258,0,39.2999992370605,0.0562000013887882,0.0230999998748302,0.00899999961256981,0,0.386999994516373,0.200000002980232,0,6.83333301544189,6.22222185134888,-0.0169479995965958,4.33099985122681,0,0,0.25,0,0.342000007629395,0.829999983310699,1,0,0,0.150000005960464,0.556999981403351,0.25,,0,0.226999998092651,-0.00821376033127308,0.022555073723197,6.48920488357544,,,-0.504677951335907,926.075744628906,0.27046000957489
Chad,0.0020000000949949,5,0,0,0.300000011920929,142,,,4.47667598724365,12.6770000457764,5.68300008773804,0,19.1049995422363,9.14000034332275,0.0500000007450581,1284,,,0,1,,,,,0.170000001788139,,0,34.9000015258789,,0.011400000192225,0.00700000021606684,0,0.666999995708466,0.100000001490116,1,6.55555486679077,6.5,-0.00831000041216612,10.3769998550415,0,0,0.159999996423721,0,0.475999981164932,0.689999997615814,1,0,0,0.439999997615814,0.952000021934509,0.170000001788139,,0,0.0700000002980232,-0.0181370284408331,0.0202462822198868,6.49828195571899,,0.120973996818066,-0.934709370136261,1203.23278808594,0.253479987382889
Congo,0.167999997735023,1,0,0,0,191,0.0498000010848045,0.238399997353554,4.47667598724365,14.5249996185303,5.99700021743774,1,21.375,9.60000038146973,0.0500000007450581,342,0.196320995688438,0.0354660004377365,0,1,,0.621999979019165,0.111000001430511,,0.779999971389771,0.0399999991059303,0.00499999988824129,47.2999992370605,0.0353999994695187,0.0310999993234873,0.025000000372529,0.187999993562698,0.360000014305115,0.393999993801117,0,6.55555486679077,6.16666698455811,-0.00293299998156726,3.68400001525879,0,0,0.25,0,0.458000004291534,0.660000026226044,1,0,0,0.0199999995529652,0.709999978542328,0.25,0.333333343267441,0,0.294999986886978,0.0223216041922569,0.0274730920791626,6.96885061264038,,0.210279002785683,-0.774140298366547,455.566802978516,0.243760004639626
Egypt,0.034000001847744,1,0,0,0.970000028610229,168,,,41.3820991516113,19.132999420166,8.27200031280518,1,12.7510004043579,7.01000022888184,0.745000004768372,1001,0.184066995978355,0.0182119999080896,0,0,,,0.028999999165535,,0.660000026226044,0.159999996423721,0.0489999987185001,46.4000015258789,0.0127999996766448,0.0450000017881393,0.061999998986721,0.00681000016629696,0.159999996423721,0.103404998779297,1,5.11111116409302,4.55555486679077,-0.00493900012224913,29.996000289917,1,0,0,0,0.386999994516373,0.0399999991059303,0,0,0,0.939999997615814,0.728999972343445,0,0.16666667163372,0,0.379000008106232,0.0267169494181871,0.0237922351807356,6.64509105682373,,0.372896999120712,-1.23580753803253,7532.93310546875,0.152079999446869
Ethiopia,0.00100000004749745,0,0,0,0.0020000000949949,98,0.00600000005215406,0.0487999990582466,70.0233001708984,15.66100025177,2.65700006484985,0,9.27000045776367,3.47000002861023,0.156000003218651,1222,0.148239001631737,0.0270269997417927,0,1,,,,,0.0700000002980232,,0.00100000004749745,42.2000007629395,0.010499999858439,0.0094999996945262,0.0219999998807907,0,0.720000028610229,0,1,6.66666698455811,6.61111116409302,0.00358000001870096,9.00699996948242,0,0,0,0,0.125,0.689999997615814,0,0,0,0.419999986886978,0.982999980449677,0,0.5,0,0.0640000030398369,-0.000552928075194359,0.0227715168148279,5.51745271682739,,0.110945001244545,-0.670016825199127,12378.5341796875,0.114059999585152
Gabon,0.215000003576279,5,0,0,0.0599999986588955,169,,,1.48313701152802,20.9139995574951,9.00300025939941,0,28.4130001068115,14.6000003814697,,268,,,0,1,,,,,1,0.0500000007450581,0,40.9000015258789,0.133000001311302,0.0223999992012978,0.00999999977648258,0,0.119999997317791,0,0,6,6,0.00968199968338013,0.372000008821487,0,0,0.319999992847443,0,0.446999996900558,0.689999997615814,1,0,0,0,0.910000026226044,0.330000013113022,0.333333343267441,0,0.17399999499321,0.0224910397082567,0.0302330292761326,7.48773384094238,,0.173032000660896,-0.0469867773354053,463.692596435547,0.0426600016653538
Gambia,0,5,0.222000002861023,0,0,150,,,,20.69700050354,8.14500045776367,0,36.7099990844727,9.72000026702881,,11,,,0,1,,0.209000006318092,0.0130000002682209,,0.119999997317791,0.0299999993294477,0,32.2999992370605,0.0118000004440546,0.0210999995470047,,0,0.0500000007450581,0,0,2.44444394111633,2.72222208976746,0.00374500011093915,13.2569999694824,1,0,0.0399999991059303,0,,0.730000019073486,0,0,0,0.899999976158142,1,0.0500000007450581,0.666666686534882,0,0.123999997973442,0.00954815465956926,0.0300035942345858,6.2005090713501,,,-0.635633230209351,186.419204711914,
Ghana,0.0160000007599592,3,0.222000002861023,0,0,248,0.00443000020459294,0.086669996380806,588.626708984375,23.7040004730225,28.8169994354248,0,63.798999786377,27.5799999237061,0.349999994039536,239,0.203700006008148,0.0580909997224808,0,1,0.555000007152557,0.109999999403954,0.025000000372529,0.689999997615814,0.379999995231628,0.0500000007450581,0.0020000000949949,45.2000007629395,0.0240000002086163,0.0260000005364418,0.0179999992251396,0,0.546999990940094,0.200000002980232,0,5.88888883590698,5,-0.0777110010385513,6.69399976730347,1,0,0.119999997317791,0,0.237000003457069,0.709999978542328,0,0,0,0.300000011920929,0.994000017642975,0.119999997317791,0.16666667163372,0,0.232999995350838,-0.00159234099555761,0.0272760167717934,6.77193546295166,4.67263555526733,0.198906004428864,-0.834250032901764,2941.27075195312,0.0786800011992455
"Guinea Bissau",0,1,0.178000003099442,0,0,190,,,,,27.9039993286133,0,,31.1299991607666,,,,,0,1,,0.0199999995529652,0.00800000037997961,,0.25,0.0299999993294477,0,34.7999992370605,,,,,0.310999989509583,,0,6.11111116409302,6.16666698455811,,12.2620000839233,0,0,0.0199999995529652,0,,,0,0,0,0.300000011920929,0.987999975681305,0.0299999993294477,0.16666667163372,0,,0.0085692722350359,0.0190087668597698,6.17794418334961,,,,,
Kenya,0.0020000000949949,5,0.0439999997615814,0,0,131,0.0280000008642673,0.146500006318092,12.4475927352905,20.1800003051758,6.92000007629395,1,10.5249996185303,6.53999996185303,0.0140000004321337,580,0.166824996471405,0.0405290015041828,0,1,1.04100000858307,0.108999997377396,0.0109999999403954,1.16100001335144,0.469999998807907,0.0199999995529652,0.00100000004749745,45,0.0432999990880489,0.0361000001430511,0.00300000002607703,0.0299999993294477,0.0500000007450581,0.0149999996647239,0,5.33333301544189,4.83333301544189,-0.0155100002884865,0.513000011444092,1,0,0.280000001192093,0,0.582000017166138,0.829999983310699,0,0,0,0.0599999986588955,0.874000012874603,0.379999995231628,0.333333343267441,0,0.0740000009536743,0.00962982606142759,0.0356536507606506,6.4645881652832,7.50538682937622,,-0.808333575725555,3712.7392578125,0.126739993691444
Lesotho,0.00300000002607703,5,0.367000013589859,0,0,126,,,7.63380002975464,,8.83699989318848,0,,8.75399971008301,0.0719999969005585,30,,,0,1,2.42199993133545,0.0540000014007092,0.00300000002607703,2.47900009155273,0.829999983310699,0.0299999993294477,0.0020000000949949,47.7000007629395,0.0329000018537045,0.0458999983966351,,0,0.0500000007450581,0,0,5.22222185134888,4.72222185134888,,29.5949993133545,1,0,0.400000005960464,0,,0.219999998807907,0,0,0,0,0.933000028133392,0.400000005960464,,0,0.0149999996647239,0.0373061001300812,0.023610157892108,5.66296052932739,14.0384798049927,,-0.610277652740479,472.584014892578,
Madagascar,0.0780000016093254,1,0,0,0,120,0.00999999977648258,0.061099998652935,4.79896974563599,18.3579998016357,10.3210000991821,0,13.1949996948242,8.26000022888184,0.0500000007450581,587,0.152368992567062,0.0346090011298656,0,1,,,,,0.519999980926514,0.0399999991059303,0.0020000000949949,41,0.0303000006824732,0.0206000003963709,0.0130000002682209,,0.100000001490116,,0,5.22222185134888,5.05555486679077,-0.0375249981880188,18.9580001831055,0,0,0.200000002980232,0,0.829999983310699,0.0599999986588955,1,0,0,0.0700000002980232,0.927999973297119,0.209999993443489,0.666666686534882,0,0.105999998748302,-0.0207691453397274,0.0269856005907059,7.05875825881958,,,-0.670603275299072,2715.0224609375,0.0571799986064434
Malawi,0.0890000015497208,5,0,0,0,116,0.0179999992251396,0.11429999768734,32.6425933837891,22.9769992828369,8.06799983978271,1,25.7479991912842,6.72599983215332,0.0860000029206276,118,0.192519992589951,0.0219899993389845,0,1,1.60199999809265,0.0130000002682209,0,1.61500000953674,0.670000016689301,0.00999999977648258,0,37.9000015258789,0.0362999998033047,0.0118000004440546,0.00499999988824129,0,0,0,0,6.38888883590698,6.55555486679077,-0.0374279990792274,15.8109998703003,1,0,0.200000002980232,0,0.578999996185303,0.620000004768372,0,0,0,0.200000002980232,0.962999999523163,0.550000011920929,0.16666667163372,0,0.0439999997615814,0.00681918254122138,0.0301286522299051,5.90536165237427,9.53715896606445,,-0.697958767414093,1756.03039550781,0.154899999499321
Mali,0.0120000001043081,1,0.156000003218651,0,0.0120000001043081,127,0.0432999990880489,0.029899999499321,,13.0520000457764,7.14699983596802,0,15.6870002746582,5.87400007247925,,1240,,,0,1,,0.0109999999403954,0.0109999999403954,,0.100000001490116,0.00999999977648258,0,35.9000015258789,0.00680000009015203,,0.0280000008642673,0,0.239999994635582,0.100000001490116,0,6.88888883590698,6.22222185134888,0.0176389999687672,12.5080003738403,0,0,0,0,0.372000008821487,0.779999971389771,1,0,0,0.899999976158142,0.893999993801117,0.00999999977648258,0.333333343267441,0,0.109999999403954,0.000362251390470192,0.0245156083256006,6.2045578956604,,,-0.929882645606995,1726.375,0.106980003416538
Mauritania,0.0689999982714653,3,0,0,0.86599999666214,198,,,43.3648376464844,134.729995727539,6.9229998588562,1,589.801025390625,5.11100006103516,0.0500000007450581,1026,,,0,1,,,,,0.0799999982118607,,0,35.2999992370605,0.0320999994874001,0.0175999999046326,0.0260000005364418,0,0.200000002980232,0,1,6.33333301544189,6,-0.00430099992081523,17.9249992370605,0,0,0,0,0.590999960899353,0.330000013113022,1,0,0,1,0.991999983787537,0,,0,0.034000001847744,-0.002001115353778,0.0235858354717493,6.74875974655151,,,-0.996416807174683,365.877197265625,0.18129999935627
Mauritius,0.00100000004749745,5,1,0.00300000002607703,0.564000010490417,126,0.00989999994635582,0.162000000476837,,20.5060005187988,9.09500026702881,0,21.3339996337891,11.7170000076294,,2,0.296979010105133,0.0884639993309975,0,1,2.12100005149841,0.279000014066696,0.0370000004768372,2.43700003623962,0.980000019073486,0.239999994635582,0.0020000000949949,59.4000015258789,0.0254999995231628,0.0240000002086163,0.0020000000949949,0,0,0,0,2.16666698455811,2.38888907432556,-0.0344570018351078,20.2320003509521,1,0,0.259999990463257,0,,0.579999983310699,0,0.519999980926514,0,0.170000001788139,0.98199999332428,0.0199999995529652,,0,0.331999987363815,0.0240487195551395,0.0163237396627665,7.94378280639648,19.3589992523193,0.298629999160767,-1.21402311325073,196.019989013672,0.0911799967288971
Morocco,0.028999999165535,3,0.444000005722046,0,0.740000009536743,123,0.0149999996647239,0.068400003015995,9.052414894104,15.1479997634888,5.82200002670288,0,7.63600015640259,5.22200012207031,0.179000005125999,447,0.246883004903793,0.0649629980325699,0,0,,,,,0.469999998807907,0.0500000007450581,0.00499999988824129,46.9000015258789,0.0215000007301569,0.0305000003427267,0.0270000007003546,0,0.0799999982118607,0,1,4.16666698455811,4.61111116409302,-0.00295399990864098,33.5929985046387,0,0,0,0,0.321999996900558,0.529999971389771,1,0,0,0.990000009536743,0.902999997138977,0.00999999977648258,0.16666667163372,0,0.293000012636185,0.028470603749156,0.0255589187145233,6.67329788208008,,0.309260010719299,-1.26975655555725,3265.74340820312,0.0431200005114079
Mozambique,0.0780000016093254,1,0,0,0.0120000001043081,127,0.000199999994947575,0.0615000016987324,304.422912597656,,,0,,,0.0020000000949949,802,0.132831007242203,0.0133830001577735,0,1,0.391999989748001,0.00800000037997961,0.0020000000949949,0.40200001001358,0.479999989271164,0.0199999995529652,0,35.2000007629395,,,,,1,,1,6.5,6.72222185134888,-0.00952600035816431,18.4990005493164,0,0,0.150000005960464,0,0.118000000715256,0.649999976158142,0,0,0,0.100000001490116,,0.150000005960464,0.5,0,0.0370000004768372,-0.0157504193484783,0.0244638416916132,7.02820158004761,2.82533717155457,,-0.644928634166718,3914.78662109375,
Niger,0.0759999975562096,5,0,0,0.0350000001490116,204,,,4.48958301544189,18.8980007171631,5.32299995422363,1,37.8639984130859,8.77799987792969,0.0500000007450581,1267,,,0,1,0.75900000333786,0.0810000002384186,0.00700000021606684,0.846000015735626,0.0500000007450581,0.00499999988824129,0,35.4000015258789,0.0294000003486872,0.00490000005811453,0.00999999977648258,0,0.159999996423721,0,0,6.88888883590698,6,0.0280510000884533,13.8760004043579,0,0,0.0500000007450581,0,0.159999996423721,0.730000019073486,1,0,0,0.800000011920929,0.962999999523163,0.0500000007450581,0.666666686534882,0,0.0579999983310699,-0.00373904570005834,0.0316132083535194,6.22059011459351,5.26261949539185,,-0.525939226150513,1789.54809570312,0.158720001578331
Nigeria,0.208000004291534,4,0,0,0.0020000000949949,277,0.0199999995529652,0.100000001490116,45.1837196350098,1.10099995136261,12.9799995422363,1,152.555999755859,15.1350002288818,0.0860000029206276,924,0.175872996449471,0.0649840012192726,0,1,,,,,0.360000014305115,0.0399999991059303,0.00100000004749745,39.7000007629395,0.0198999997228384,0.0136000001803041,0.00600000005215406,0.0033400000538677,0.519999980926514,0.501670002937317,1,4.88888883590698,4.05555486679077,-0.00851199962198734,6.54300022125244,1,0,0.200000002980232,0,0.495000004768372,0.870000004768372,0,0,0,0.5,0.987999975681305,0.200000002980232,0.16666667163372,0,0.130999997258186,0.0112343085929751,0.0312271062284708,6.32256507873535,,0.127409994602203,-1.04213750362396,14920.9736328125,0.107239998877048
Rwanda,0.0020000000949949,1,0,0,0,165,0.012699999846518,0.0671999976038933,32.2543678283691,21.5389995574951,10.0749998092651,0,24.6889991760254,16.6580009460449,0.00400000018998981,26,0.242796003818512,0.0587959997355938,0,1,,0.126000002026558,0.0179999992251396,,0.490000009536743,0.0199999995529652,0,46.5,0.00370000000111759,0.0255999993532896,0.0260000005364418,0,0.140000000596046,0,0,6.33333301544189,5.66666698455811,0.0356049984693527,2.03200006484985,0,0,0.649999976158142,0,0.29899999499321,0.140000000596046,0,0,0,0.00999999977648258,0.991999983787537,0.0900000035762787,,0,0.0240000002086163,0.00635132193565369,0.0322342589497566,6.24222326278687,,,-0.58214259147644,1531.95544433594,0.138659998774529
Senegal,0.00499999988824129,4,0,0,0.00100000004749745,146,0.011400000192225,0.0847000032663345,4.48958301544189,13.0939998626709,5.70900011062622,0,13.9700002670288,4.49599981307983,0.0500000007450581,197,0.23615700006485,0.0408819988369942,0,1,1.39600002765656,0.127000004053116,0.0219999998807907,1.54499995708466,0.270000010728836,0.0299999993294477,0.00499999988824129,39.5999984741211,0.0212999992072582,0.0186999998986721,0.0109999999403954,0.0971999987959862,0.0399999991059303,0.148599997162819,0,4.33333301544189,4,-0.00274599995464087,14.7720003128052,0,0,0.0199999995529652,0,0.537000000476837,0.720000028610229,1,0,0,0.920000016689301,0.810999989509583,0,0.16666667163372,0,0.230000004172325,0.00135323801077902,0.0278018228709698,6.92461252212524,10.6985263824463,,-0.865835249423981,1340.77099609375,0.1807000041008
"South Africa",0.111000001430511,3,0.0890000015497208,0.0900000035762787,0,72,,,11.9978485107422,16.636999130249,9.78899955749512,1,11.7720003128052,6.40100002288818,0.0719999969005585,1221,,,0,1,3.21700000762939,0.847000002861023,0,4.06400012969971,0.889999985694885,0.150000005960464,0.0309999994933605,49.2000007629395,0.105800002813339,,0.017000000923872,0.00972000043839216,0.0399999991059303,0.00486000021919608,1,4.77777814865112,5.66666698455811,0.00384899997152388,29.1299991607666,1,0,0.330000013113022,0,0.58899998664856,0.879999995231628,0,0.0199999995529652,0,0.200000002980232,0.527999997138977,0.340000003576279,0.666666686534882,0,0.465999990701675,0.0107467314228415,0.0235436595976353,7.65302038192749,31.1018753051758,0.541299998760223,-1.04412412643433,6123.39208984375,0.117420002818108
Swaziland,0.0120000001043081,5,0.351000010967255,0,0,140,,,,,8.78999996185303,0,,5.80900001525879,,17,,,0,1,1.5,0.144999995827675,0.0179999992251396,1.66299998760223,0.579999983310699,0.0500000007450581,0,40.4000015258789,,0.0184000004082918,,0,0.0500000007450581,0,0,5.33333301544189,4.83333301544189,,26.5450000762939,1,0,0.300000011920929,0,,,0,0,0,0,,0.300000011920929,,0,0.0390000008046627,0.0233855750411749,0.029212910681963,7.09589338302612,11.8004703521729,,-0.605685889720917,177.898208618164,
Tanzania,0.0020000000949949,0,0,0,0,216,0.0148999998345971,0.165600001811981,83.9784088134766,27.6909999847412,13.3559999465942,0,17.511999130249,11.003999710083,0.0140000004321337,945,0.151848003268242,0.024100000038743,0,1,0.931999981403351,0.273999989032745,0.130999997258186,1.33700001239777,0.25,0.0199999995529652,0,40.5999984741211,0.0828000009059906,0.0264999996870756,0.0189999993890524,0,0.0500000007450581,0,1,6,6,0,2.15400004386902,1,0,0.159999996423721,0,0.633000016212463,0.930000007152557,0,0,0,0.349999994039536,0.871999979019165,0.159999996423721,0.5,0,0.0480000004172325,0.015112554654479,0.0335452780127525,5.74300336837769,7.67839574813843,,-0.596746683120728,5520.3154296875,0.175420001149178
Togo,0.0920000001788139,1,0,0,0,141,,,4.48958301544189,18.6700000762939,5.2189998626709,1,29.7889995574951,9.85000038146973,0.0500000007450581,57,,,0,1,0.165999993681908,0.0370000004768372,0.00400000018998981,0.208000004291534,0.439999997615814,0.0199999995529652,0,39.5,0.070200003683567,0.0193000007420778,0.00800000037997961,0.108000002801418,0.159999996423721,0.153999999165535,0,6.66666698455811,5.94444513320923,-0.0255670007318258,6.19399976730347,0,0,0.100000001490116,0,0.455000013113022,0.709999978542328,1,0,0,0.100000001490116,0.944000005722046,0.100000001490116,0.333333343267441,0,0.0979999974370003,0.0117575852200389,0.0279928464442492,5.88610410690308,1.22430968284607,,-0.76808625459671,702.344604492188,0.133100003004074
Tunisia,0.0790000036358833,4,0.133000001311302,0,0.986000001430511,104,0.0329999998211861,0.105899997055531,39.5922622680664,16.1879997253418,6.91800022125244,0,8.45699977874756,5.14599990844727,0.84799998998642,164,0.313508987426758,0.0618270002305508,0,0,0.293000012636185,0.125,0.0270000007003546,0.446000009775162,0.660000026226044,0.119999997317791,0.00600000005215406,48.5999984741211,0.0636999979615211,0.0368999987840652,0.0189999993890524,0,0,0,0,5.61111116409302,4.88888883590698,0.00575000001117587,36.8160018920898,0,0,0,0,0.635999977588654,0.159999996423721,1,0,0.00999999977648258,0.980000019073486,0.808000028133392,0.00999999977648258,0.5,0,0.360000014305115,0.0327709876000881,0.0223722737282515,6.98100566864014,3.11352849006653,0.298949986696243,-1.27368021011353,1181.03576660156,0.115199998021126
Uganda,0.00100000004749745,3,0.156000003218651,0,0,155,0.00480000022798777,0.0370999984443188,319.510833740234,41.9249992370605,47.1300010681152,1,34.6640014648438,56.4119987487793,0.0140000004321337,236,0.198323994874954,0.0194419994950294,0,1,1.04100000858307,0.108999997377396,0,1.14999997615814,0.490000009536743,0.0299999993294477,0.0020000000949949,43.2000007629395,0.0131999999284744,0.0189999993890524,0.00300000002607703,0.0350000001490116,0.430000007152557,0.0175000000745058,1,5.77777814865112,5.61111116409302,-0.0326239988207817,0.228000000119209,1,0,0.330000013113022,0,0.689000010490417,0.899999976158142,0,0,0,0.159999996423721,0.995999991893768,0.330000013113022,0.16666667163372,0,0.0520000010728836,-0.00936488434672356,0.034837506711483,6.51914739608765,7.49701929092407,,-0.70259165763855,3250.15844726562,0.158800005912781
Zaire,0.0469999983906746,3,0,0,0,201,0.00910000037401915,0.0568999983370304,84.9439544677734,44.4599990844727,42.9827003479004,1,34.882999420166,33.0309982299805,1.85500001907349,2345,0.137534007430077,0.0158319994807243,0,1,0.592999994754791,0.0240000002086163,0,0.617999970912933,0.600000023841858,0.0299999993294477,0.00100000004749745,42.0999984741211,0.0379000008106232,0.0270000007003546,0.0240000002086163,,0.266999989748001,,1,6.55555486679077,6.38888883590698,0.00212799990549684,0.569000005722046,0,0,0.5,0,0.384999990463257,0.899999976158142,0,0,0,0.100000001490116,0.931999981403351,0.200000002980232,0.16666667163372,0,0.157000005245209,-0.0144366156309843,0.0277844741940498,6.13122653961182,3.78909778594971,,-0.743388414382935,7279.90478515625,0.159759998321533
Zambia,0.203999996185303,1,0.0439999997615814,0,0,206,0.0372000001370907,0.280299991369247,61.9764633178711,-15.423999786377,18.0116004943848,1,199.080001831055,25.3493995666504,0.0860000029206276,753,0.157541006803513,0.0264749992638826,0,1,1.53600001335144,0.0729999989271164,0.034000001847744,1.64300000667572,0.419999986886978,0.0199999995529652,0,41.7999992370605,0.23759999871254,0.0159000009298325,0.0149999996647239,0,0.0500000007450581,0,0,5.11111116409302,5.11111116409302,0.0636909976601601,12.9420003890991,1,0,0.310000002384186,0,0.674000024795532,0.819999992847443,0,0.180000007152557,0,0.189999997615814,0.998000025749207,0.310000002384186,0.5,0,0.231000006198883,-0.0120790740475059,0.0333960615098476,6.85646200180054,11.2651672363281,,-1.01528263092041,1137.984375,0.228980004787445
Zimbabwe,0.0599999986588955,3,0,0.0740000009536743,0,164,0.00860000029206276,0.202600002288818,101.338531494141,,6.75250005722046,1,,6.82189989089966,0.0860000029206276,391,0.158065006136894,0.0325930006802082,0,1,1.50800001621246,0.127000004053116,0.0320000015199184,1.66700005531311,0.959999978542328,0.0599999986588955,0,45.5,0.0595000013709068,0.0163000002503395,0.0149999996647239,0,0.300000011920929,0,1,4.83333301544189,5.05555486679077,,17.8759994506836,1,0,0.25,0,,0.540000021457672,0,0,0,0.00999999977648258,0.656000018119812,0.25,0.16666667163372,0,0.126000002026558,0.00456136232241988,0.0309559442102909,6.91770553588867,11.5318155288696,,-0.817350804805756,1683.37915039062,0.0276800002902746
Canada,0.034000001847744,5,0.955999970436096,0.614000022411346,0.243000000715256,83,0.086049996316433,0.147450000047684,0.00100000004749745,12.4490003585815,5.58900022506714,1,7.56300020217896,3.39000010490417,0,9976,0.204244002699852,0.00918599963188171,0,0,5.29099988937378,2.44799995422363,0.333000004291534,8.07100009918213,1,0.46000000834465,0.159999996423721,71.0999984741211,0.0342000015079975,0.0364999994635582,0.0399999991059303,0,0,0,0,1,1,-0.0100400000810623,43.7270011901855,1,0,0.46000000834465,0,0.995000004768372,0.75,0,0,0,0,0.488000005483627,0.259999990463257,1,0,0.689000010490417,0.0258603803813457,0.013423228636384,8.8939847946167,71.7833557128906,0.334473997354507,-0.986981451511383,6674.6845703125,0.0350599996745586
"Costa Rica",0.0350000001490116,3,0.421999990940094,0.0160000007599592,0.890999972820282,91,0.0309999994933605,0.116099998354912,15.9527883529663,20.6159992218018,14.5220003128052,0,18.5380001068115,16.6900005340576,0.221000000834465,51,0.248713999986649,0.0362700000405312,1,0,3.01500010490417,0.367000013589859,0.0900000035762787,3.47199988365173,0.959999978542328,0.209999993443489,0.0489999987185001,61.9000015258789,0.0328000001609325,0.0350000001490116,0.0109999999403954,0,0,0,0,1,1,-0.0021949999500066,9.94099998474121,0,0,0.949999988079071,0,0.900999963283539,0.0700000002980232,0,0,0,0,0.802999973297119,0,0.666666686534882,1,0.365000009536743,0.0196169447153807,0.0301754586398602,7.60738134384155,26.4128265380859,0.189639002084732,-1.19666624069214,373.519195556641,0.115680001676083
"Dominican Republic",0.0240000002086163,3,0,0.00100000004749745,0.870000004768372,129,0.0209999997168779,0.150800004601479,38.4014320373535,16.4249992370605,10.3859996795654,0,8.69600009918213,12.460000038147,0.368999987840652,49,,,1,0,2.21700000762939,0.130999997258186,0.0270000007003546,2.375,0.980000019073486,0.0700000002980232,0.0130000002682209,52.2000007629395,0.047800000756979,0.0186999998986721,0.0390000008046627,0.20100000500679,0.360000014305115,0.300500005483627,1,2.16666698455811,2.55555605888367,0.026358999311924,18.5610008239746,0,0,0.949999988079071,0,0.387999981641769,0.0399999991059303,1,0,0,0,0.804000020027161,0,0.5,0,0.301999986171722,0.0188288707286119,0.0268286112695932,7.04315996170044,16.7275047302246,0.154651001095772,-1.27082502841949,906.61865234375,0.0962999984622002
"El Salvador",0.0020000000949949,3,0.400000005960464,0,0.922999978065491,132,0.0130000002682209,0.0674000009894371,33.5550689697266,12.8330001831055,8.66600036621094,0,7.83199977874756,9.25,0.189999997615814,21,0.29925200343132,0.0373670011758804,1,0,1.45500004291534,0.228000000119209,0.017000000923872,1.70000004768372,0.800000011920929,0.129999995231628,0.0109999999403954,50.7999992370605,0.00630000000819564,0.0223999992012978,0.0120000001043081,0,0.560000002384186,0,1,3.27777791023254,3.77777791023254,0.00328300008550286,13.7749996185303,0,0,0.75,0,0.720999956130981,0.170000001788139,0,0,0,0,0.712999999523163,0.200000002980232,0.16666667163372,1,0.382999986410141,0.00847502611577511,0.0223443452268839,7.22911405563354,12.2894945144653,0.200040996074677,-1.12024462223053,838.334045410156,0.102059997618198
Guatemala,0.00300000002607703,3,0.421999990940094,0,0.587999999523163,109,0.0199999995529652,0.0680999979376793,41.5204658508301,14.375,7.47700023651123,0,10.3400001525879,9,0,109,0.258864998817444,0.0208800006657839,1,0,0.989000022411346,0.150000005960464,0.0160000007599592,1.15499997138977,0.449999988079071,0.0700000002980232,0.0160000007599592,45.9000015258789,0.0152000002563,0.015599999576807,0.00899999961256981,0.252999991178513,0.507000029087067,0.126499995589256,1,4,4.11111116409302,-0.00174700003117323,14.6219997406006,0,0,0.949999988079071,0,0.395000010728836,0.639999985694885,0,0,0,0,0.720000028610229,0.0299999993294477,0.16666667163372,1,0.330000013113022,0.00822280440479517,0.0279458612203598,7.40123128890991,8.54842185974121,0.136323004961014,-1.14005947113037,1267.68713378906,0.0473800003528595
Haiti,0.0020000000949949,3,0,0,0.0750000029802322,114,0.00270000007003546,0.0683000013232231,0.00100000004749745,15.0240001678467,6.60699987411499,0,19.8770008087158,6.32999992370605,0,28,0.306603014469147,0.0295010004192591,1,0,0.470999985933304,0.211999997496605,0.00800000037997961,0.690999984741211,0.46000000834465,0.0399999991059303,0.00400000018998981,42.4000015258789,0.00430000014603138,0.0153000000864267,0.025000000372529,0.140000000596046,0.159999996423721,0.0700000002980232,1,6.5,5.66666698455811,,18.931999206543,0,0,0.800000011920929,0,0.207000002264977,0.00999999977648258,1,0,0,0,0.744000017642975,0.159999996423721,0,0,0.156000003218651,-0.0087060360237956,0.0176167655736208,6.7696418762207,4.67782258987427,0.10928700119257,-0.62923389673233,2029.13098144531,0.124640002846718
Honduras,0.0140000004321337,3,0.356000006198883,0.00300000002607703,0.842999994754791,156,0.044599998742342,0.0939000025391579,10.9695806503296,15.8920001983643,5.25899982452393,1,8.47900009155273,3.6800000667572,0,112,,,1,0,1.5,0.165999993681908,0.0199999995529652,1.68599998950958,0.670000016689301,0.0799999982118607,0.0109999999403954,46.7999992370605,0.0297999996691942,0.0210999995470047,0.017000000923872,0,0.319999992847443,0,1,4.05555486679077,3,0.0252829995006323,14.1940002441406,0,0,0.970000028610229,0,0.5,0.159999996423721,0,0,0,0,0.919000029563904,0.0199999995529652,0.16666667163372,1,0.228000000119209,0.00865795277059078,0.033245000988245,6.90675497055054,11.6447887420654,0.145766004920006,-1.140998005867,618.232482910156,0.0838399976491928
Jamaica,0.0890000015497208,5,0.421999990940094,0.939999997615814,0,139,0.046000000089407,0.160400003194809,29.0476207733154,20.5629997253418,12.4259996414185,0,19.6550006866455,9.07999992370605,0.0199999995529652,11,0.324171006679535,0.032660000026226,1,0,2.16300010681152,0.284000009298325,0.017000000923872,2.46300005912781,0.920000016689301,0.449999988079071,0.017000000923872,63,0.0850000008940697,0.0200999993830919,0.00400000018998981,0,0,0,1,1.72222197055817,2.61111092567444,-0.0157290007919073,18.0550003051758,1,0,0.0500000007450581,0,0.900999963283539,0.0500000007450581,0,0,0,0,0.470999985933304,0.560000002384186,0.16666667163372,0,0.337000012397766,0.0106334742158651,0.0143288308754563,7.49220323562622,18.453296661377,0.222818002104759,-0.891598105430603,667.890014648438,0.0249199997633696
Mexico,0.0320000015199184,3,0.200000002980232,0,0.879999995231628,71,0.0219999998807907,0.173899993300438,14.5146055221558,40.6990013122559,29.0440006256104,0,34.7179985046387,34.8650016784668,0,1958,0.182524994015694,0.014384999871254,1,0,2.1029999256134,0.257999986410141,0.0439999997615814,2.40499997138977,0.800000011920929,0.109999999403954,0.0260000005364418,57.2999992370605,0.0571999996900558,0.013399999588728,0.00700000021606684,0,0,0,0,3.66666698455811,3.66666698455811,0.0090920003131032,16.7590007781982,0,0,0.889999985694885,0,0.745000004768372,0.300000011920929,0,0,0,0,0.675000011920929,0.0599999986588955,0.666666686534882,1,0.508000016212463,0.0211012251675129,0.0285286419093609,7.9366602897644,19.08766746521,,-1.24063670635223,10995.384765625,0.033780001103878
Nicaragua,0.0390000008046627,3,0.333000004291534,0.00899999961256981,0.646000027656555,103,0.0138999996706843,0.126200005412102,142.212387084961,16.5480003356934,42.8720016479492,0,10.4370002746582,104.141998291016,0.319999992847443,130,0.215275004506111,0.0297129992395639,1,0,1.89199995994568,0.165000006556511,0.017000000923872,2.07399988174438,0.660000026226044,0.0700000002980232,0.0120000001043081,47.2999992370605,,0.016499999910593,0.0179999992251396,0,0.200000002980232,0,1,5.11111116409302,4.72222185134888,0.011629999615252,12.2110004425049,0,0,0.949999988079071,0,0.554000020027161,0.100000001490116,0,0,0,0,0.83899998664856,0.0500000007450581,0.16666667163372,1,0.414000004529953,-0.00772884069010615,0.0316935665905476,7.30114793777466,15.1425800323486,0.129179999232292,-1.2153707742691,442.823822021484,0.0276599992066622
Panama,0.00100000004749745,3,0.275999993085861,0.140000000596046,0.694999992847443,129,0.0388000011444092,0.223100006580353,0.00100000004749745,16.6189994812012,4.09899997711182,0,10.7469997406006,3.29200005531311,0,77,,,1,0,3.43499994277954,0.74099999666214,0.0869999974966049,4.26300001144409,0.959999978542328,0.28999999165535,0.046000000089407,60.9000015258789,0.0766000002622604,0.0364999994635582,0.00499999988824129,0.137999996542931,0.159999996423721,0.368999987840652,0,5.72222185134888,4.83333301544189,0.0226499997079372,9.20600032806396,0,0,0.930000007152557,0,0.768999993801117,0.280000001192093,0,0,0,0,0.96399998664856,0.0599999986588955,0.16666667163372,1,0.412999987602234,0.0259581245481968,0.0249908957630396,7.31588363647461,31.1876125335693,0.168420001864433,-1.0978125333786,382.972808837891,0.157360002398491
"Trinidad & Tobago",0.157000005245209,3,0,0.929000020027161,0.0359999984502792,96,0.0384999997913837,0.165800005197525,7.10529708862305,14.1859998703003,9.30700016021729,0,77.5749969482422,13.2980003356934,,5,0.312454998493195,0.0802899971604347,1,0,3.68600010871887,0.889999985694885,0.0240000002086163,4.59899997711182,0.879999995231628,0.239999994635582,0.00800000037997961,63.9000015258789,0.0687000006437302,0.0204000007361174,0.00400000018998981,0,0.0500000007450581,0,0,1.55555605888367,1.88888895511627,-0.0181939993053675,10.4180002212524,1,0,0.319999992847443,0,0.846999943256378,0.560000002384186,0,0.239999994635582,0,0.0599999986588955,0.869000017642975,0.280000001192093,0.666666686534882,0,0.222000002861023,0.0132093578577042,0.013987110927701,8.6358642578125,39.7163391113281,0.222800001502037,-1.01583480834961,305.250305175781,0.0164599996060133
"United States",0.0179999992251396,5,1,0.885999977588654,0.0890000015497208,90,0.0666999965906143,0.145099997520447,0.00100000004749745,9.30599975585938,5.03000020980835,0,2.73000001907349,2.6340000629425,0,9373,0.109613999724388,0.00217100000008941,0,0,5.2649998664856,2.87199997901917,0.529999971389771,8.66699981689453,1,0.860000014305115,0.321000009775162,69.8000030517578,0.0315000005066395,0.0383000001311302,0.0879999995231628,0.00505999987944961,0,0.0025299999397248,1,1,1,0.00816900003701448,34.3600006103516,1,0,0.280000001192093,0,0.924000024795532,0.5,0,0,0.0199999995529652,0,0.298000007867813,0.560000002384186,1,0,0.699999988079071,0.0195803288370371,0.0110112316906452,9.18748092651367,79.6278991699219,0.629369974136353,-0.903868198394775,73171.7578125,0.00565999979153275
Argentina,0.0230000000447035,5,0.0890000015497208,0,0.836000025272369,113,0.0160000007599592,0.119999997317791,66.8497161865234,,304.006011962891,0,144.985000610352,860.969970703125,0.159999996423721,2767,0.110885001718998,0.0285790003836155,1,0,4.28700017929077,0.601999998092651,0.096000000834465,4.9850001335144,0.980000019073486,0.230000004172325,0.108999997377396,65.1999969482422,0.0458000004291534,0.022299999371171,0.0209999997168779,0.0168999992311001,0.959999978542328,0.108450002968311,1,3.94444394111633,3.55555605888367,0.00758400000631809,36.6759986877441,0,0,0.899999976158142,0,0.525999963283539,0.310000002384186,0,0,0.0199999995529652,0,0.861000001430511,0.0199999995529652,0.333333343267441,1,0.736000001430511,0.00642151804640889,0.0152546651661396,8.09985828399658,40.3777961730957,,-0.932928323745728,8110.33447265625,0.0637599974870682
Bolivia,0.0750000029802322,3,0.732999980449677,0,0.372000008821487,181,0.0140000004321337,0.119499996304512,236.065582275391,81.7630004882812,473.779998779297,0,208.218994140625,2130.69995117188,0.0299999993294477,1099,0.165784001350403,0.0201149992644787,1,0,2.01600003242493,0.976000010967255,0.0970000028610229,3.08899998664856,0.639999985694885,0.119999997317791,0.0359999984502792,42.7999992370605,0.0518000014126301,0.0157999992370605,0.0160000007599592,0.0520999990403652,1.19000005722046,0.326050013303757,0,4.11111116409302,3.66666698455811,0.0860320031642914,15.1899995803833,0,0,0.949999988079071,0,0.362000018358231,0.680000007152557,0,0,0,0,0.968999981880188,0.0299999993294477,0.16666667163372,1,,0.0126520926132798,0.0251380261033773,7.00578880310059,21.6408805847168,,-1.06305205821991,1184.03125,0.107179999351501
Brazil,0.017000000923872,3,0.0890000015497208,0,0.998000025749207,97,0.0645999982953072,0.164399996399879,15.5766448974609,76.2639999389648,138.024002075195,0,61.5279998779297,259.970001220703,0.239999994635582,8512,0.0784879997372627,0.0115809999406338,1,0,1.87399995326996,0.699999988079071,0.068000003695488,2.64199995994568,0.949999988079071,0.109999999403954,0.0160000007599592,54.9000015258789,0.0599999986588955,0.00410000002011657,0.017000000923872,0.00427999999374151,0.119999997317791,0.00213999999687076,0,3.38888907432556,3.38888907432556,0.00766600016504526,19.556999206543,0,0,0.899999976158142,0,0.609000027179718,0.0700000002980232,0,0,0,0,0.857999980449677,0,0.666666686534882,0,0.460999995470047,0.0240466929972172,0.0245284680277109,7.46450996398926,19.7212352752686,,-1.13475775718689,23338.970703125,0.0722400024533272
Chile,0.155000001192093,5,0.421999990940094,0,0.930999994277954,100,0.0152000002563,0.129999995231628,331.357086181641,,87.6179962158203,0,,153.199996948242,0.540000021457672,757,0.13748200237751,0.0265469998121262,1,0,3.79800009727478,1.12800002098083,0.0710000023245811,4.99700021743774,1,0.239999994635582,0.0419999994337559,57.2999992370605,0.0623000003397465,0.0262000001966953,0.0230000000447035,0,0.200000002980232,0.100000001490116,1,5.77777814865112,4.66666698455811,0.0169680006802082,33.5540008544922,0,0,0.889999985694885,0,0.970000028610229,0.140000000596046,0,0,0,0,0.955999970436096,0.109999999403954,0.833333313465118,1,0.677999973297119,0.0138709209859371,0.0183021444827318,7.97177600860596,39.8349647521973,0.0287730004638433,-1.12147152423859,2480.64111328125,0.1285600066185
Colombia,0.061999998986721,3,0.0890000015497208,0,0.980000019073486,81,0.0160000007599592,0.164399996399879,14.662880897522,25.3349990844727,18.9249992370605,0,11.78600025177,7.44999980926514,0.184000000357628,1139,0.164598003029823,0.0444459989666939,1,0,2.01600003242493,0.624000012874603,0.0370000004768372,2.67700004577637,0.769999980926514,0.119999997317791,0.017000000923872,53.2000007629395,0.0476999990642071,0.0230000000447035,0.017000000923872,0,0,0,1,2.11111092567444,2.88888907432556,0.00457300012931228,4.78800010681152,0,0,0.949999988079071,0,0.71399998664856,0.0599999986588955,0,0,0,0,0.919000029563904,0,0.333333343267441,1,0.48199999332428,0.0211682785302401,0.0244397837668657,7.41276407241821,19.8439693450928,0.207008004188538,-1.19534349441528,4823.14111328125,0.0539800003170967
Ecuador,0.0979999974370003,3,0.843999981880188,0,0.71399998664856,113,0.0270000007003546,0.217199996113777,24.0514011383057,24.7000007629395,18.2929992675781,1,19.326000213623,14.5299997329712,0.20100000500679,284,0.188015997409821,0.0456780008971691,1,0,2.52900004386902,0.375999987125397,0.0469999983906746,2.95199990272522,0.829999983310699,0.119999997317791,0.0260000005364418,53.4000015258789,0.0795999988913536,0.0154999997466803,0.0209999997168779,0,0.560000002384186,0.100000001490116,0,3.72222208976746,3.11111092567444,-0.0203220006078482,2.06200003623962,0,0,0.949999988079071,0,0.445999979972839,0.529999971389771,0,0,0,0,0.982999980449677,0,0.666666686534882,1,0.34400001168251,0.0220432803034782,0.0294809024780989,7.26612901687622,21.4496116638184,0.15998500585556,-1.15011620521545,1397.15576171875,0.105039998888969
Guyana,0.0869999974966049,1,0.156000003218651,0.820999979972839,0,117,,,,,11.9434995651245,0,,18.5877990722656,,215,0.216824993491173,0.024184999987483,1,0,4.10400009155273,0.395999997854233,0.0130000002682209,4.51399993896484,1,0.330000013113022,0,60.2000007629395,0.120300002396107,0.028999999165535,0.0329999998211861,0,0,0,0,4.27777814865112,3.88888907432556,0.00727399997413158,5.76100015640259,1,0,0.280000001192093,0,0.530999958515167,0.579999983310699,0,0.330000013113022,0,0.0900000035762787,0.968999981880188,0.28999999165535,0,0,0.263999998569489,-0.00394011894240975,0.0122727882117033,7.33498191833496,33.110107421875,0.229770004749298,-1.2003128528595,171.325897216797,0.203799992799759
Paraguay,0.00499999988824129,3,0.133000001311302,0,0.0359999984502792,141,0.00999999977648258,0.10700000077486,45.9185638427734,18.3229999542236,12.9790000915527,0,10.289999961853,10.4280004501343,0.101000003516674,407,0.204611003398895,0.0778520032763481,1,0,2.95199990272522,0.35699999332428,0.0430000014603138,3.35199999809265,0.980000019073486,0.109999999403954,0.0240000002086163,63.9000015258789,0.00970000028610229,0.0137999998405576,0.017000000923872,0,0.0799999982118607,0,0,4.94444513320923,5.22222185134888,0.0289159994572401,25.5830001831055,0,0,0.899999976158142,0,0.446999996900558,0.140000000596046,0,0,0,0,0.91100001335144,0.0500000007450581,0.16666667163372,1,0.356000006198883,0.0191374663263559,0.0297730565071106,7.09672117233276,23.7882099151611,0.0946699976921082,-1.13787305355072,568.566955566406,0.100100003182888
Peru,0.0219999998807907,3,0.488999992609024,0,0.564000010490417,83,0.0199999995529652,0.100599996745586,33.2265396118164,58.3009986877441,178.315994262695,0,99.6920013427734,634.817993164062,0.0230000000447035,1285,0.136287003755569,0.046730000525713,1,0,2.4210000038147,0.49099999666214,0.0869999974966049,3,0.829999983310699,0.150000005960464,0.0410000011324883,48,0.0373999997973442,0.0244999993592501,0.0270000007003546,0,0.280000001192093,0.100000001490116,1,3.77777791023254,3.77777791023254,0.0202280003577471,11.793999671936,0,0,0.949999988079071,0,0.870000004768372,0.589999973773956,0,0,0,0,0.985000014305115,0,0.333333343267441,1,0.462999999523163,0.000369254965335131,0.0262073110789061,7.56837940216064,22.7051391601562,0.208140000700951,-1.13974678516388,3176.92700195312,0.063120000064373
Uruguay,0.00100000004749745,3,0.111000001430511,0,1,92,0.0149999996647239,0.103500001132488,27.9393863677979,60.6839981079102,54.5870018005371,0,29.511999130249,27.3229999542236,0.0209999997168779,177,0.197852998971939,0.0372239984571934,1,0,3.56900000572205,0.685000002384186,0.0219999998807907,4.27699995040894,1,0.370000004768372,0.0790000036358833,67.3000030517578,0.022299999371171,0.024100000038743,0.0140000004321337,0.0724000036716461,0,0.0362000018358231,0,4.22222185134888,4.16666698455811,0.0134070003405213,34.8219985961914,0,0,0.660000026226044,0,0.995999991893768,0.200000002980232,0,0,0.0199999995529652,0,0.796000003814697,0.0199999995529652,0.5,1,0.800999999046326,0.0059466315433383,0.00672159064561129,8.25504875183105,35.3068428039551,0.275730013847351,-0.902881026268005,1028.9052734375,0.0594599992036819
Venezuela,0.109999999403954,3,0.310999989509583,0,0.968999981880188,109,0.0350000001490116,0.0794999971985817,48.9033966064453,24.5869998931885,12.9569997787476,1,46.0719985961914,18.8500003814697,0.303999990224838,912,0.189867004752159,0.0317469984292984,1,0,2.20199990272522,0.277999997138977,0.0500000007450581,2.52999997138977,1,0.209999993443489,0.0430000014603138,59.7999992370605,0.0410000011324883,0.0179999992251396,0.0189999993890524,0,0.319999992847443,0.100000001490116,0,1.22222197055817,2.05555605888367,-0.0247610006481409,9.8430004119873,0,0,0.959999978542328,0,0.734000027179718,0.109999999403954,0,0,0,0,0.985000014305115,0.0199999995529652,0.5,1,0.666000008583069,0.00171935674734414,0.0326186269521713,8.72696781158447,22.0792274475098,0.18851999938488,-1.14507520198822,2387.13623046875,0.023760000243783
Bangladesh,0,3,0,0,0,70,0.012699999846518,0.0555000007152557,64.9148406982422,,11.6149997711182,0,,18.5900001525879,0.610000014305115,144,0.214344993233681,0.0734950006008148,0,0,0.53600001335144,0.238000005483627,0.0199999995529652,0.794000029563904,0.469999998807907,0.0799999982118607,0.00600000005215406,43.5999984741211,0.0157999992370605,0.00400000018998981,0.00300000002607703,,0.621999979019165,,1,4.5,4.27777814865112,-1.06999999971435e-08,23.8799991607666,1,0,0,0,0.625,,0,0.159999996423721,0,0.829999983310699,,0,0.16666667163372,0,0.0509999990463257,0.0139096761122346,0.0271106548607349,6.6883544921875,5.31055355072021,,-1.08116543292999,17441.32421875,0.336259990930557
"Hong Kong",0.00100000004749745,5,1,0.00400000018998981,0.980000019073486,116,0.068400003015995,0.130700007081032,0.513015687465668,,6.78299999237061,1,,4.86999988555908,0.0020000000949949,1,0.37432798743248,0,0,0,3.50699996948242,1.54700005054474,0.135000005364418,5.18900012969971,0.870000004768372,0.200000002980232,0.0439999997615814,66,0.0183000005781651,0.0167999994009733,0.00400000018998981,0,0,0,0,3.60999989509583,2.10999989509583,,22.7040004730225,1,0.300000011920929,0.0500000007450581,0.300000011920929,,0.0199999995529652,0,0,0,0,0.0410000011324883,0.0500000007450581,1,0,0.890999972820282,0.0606579333543777,0.0217639766633511,7.70616292953491,39.9872817993164,,-0.943148195743561,1197.40502929688,0.0378799997270107
India,0.017000000923872,3,0.0219999998807907,0,0,94,0.0137000000104308,0.154499992728233,21.6423053741455,15.3990001678467,7.67500019073486,0,4.56099987030029,4.57000017166138,0.523000001907349,3288,0.13068200647831,0.109921000897884,0,0,1.32799994945526,0.0989999994635582,0,1.42700004577637,0.610000014305115,0.200000002980232,0.025000000372529,42.5,0.0507000014185905,0.0209999997168779,0.0280000008642673,0.00155000004451722,0.119999997317791,0.200774997472763,1,2,3.05555605888367,-0.0216559991240501,25.2740001678467,1,0.00999999977648258,0.00999999977648258,0,0.911999940872192,0.889999985694885,0,0.829999983310699,0,0.109999999403954,0.479999989271164,0.00999999977648258,0.5,0,0.180000007152557,0.0153111163526773,0.0221179239451885,6.49978685379028,9.27519607543945,,-0.81508880853653,195781.453125,0.088299997150898
Indonesia,0.120999999344349,3,0.555999994277954,0,0.00899999961256981,98,,,25.2489109039307,43.023998260498,85.8270034790039,1,29.6639995574951,223.369995117188,0.146999999880791,1905,0.123818002641201,0.015897000208497,0,0,1.02600002288818,0.0780000016093254,0.00300000002607703,1.10699999332428,0.709999978542328,0.0599999986588955,0.0149999996647239,41.5,0.048200000077486,0.017400000244379,0.0419999994337559,0.00176999997347593,0.280000001192093,0.400884985923767,1,5,5.22222185134888,-0.0548719987273216,6.56199979782104,0,0.00999999977648258,0.0299999993294477,0,0.0980000048875809,0.759999990463257,0,0.0199999995529652,0,0.870000004768372,0.986000001430511,0.0599999986588955,0.16666667163372,0,0.145999997854233,0.0385071225464344,0.021886371076107,6.43133115768433,7.11948347091675,0.258165001869202,,,0.0488400012254715
Iran,0.0489999987185001,3,0,0,0.025000000372529,102,,,115.266471862793,23.9389991760254,11.0839996337891,1,19.2530002593994,14.1400003433228,0.141000002622604,1648,0.172223001718521,0.0567139983177185,0,0,0.316000014543533,0.119000002741814,0.0160000007599592,0.451999992132187,0.419999986886978,0.119999997317791,0.0120000001043081,46,,0.0230000000447035,0.0399999991059303,0.00831000041216612,0.239999994635582,0.00415500020608306,1,5.44444513320923,5.77777814865112,-0.00833499990403652,35.3800010681152,0,0,0,0,0.449999988079071,0.759999990463257,0,0,0,0.990000009536743,0.959999978542328,0,0.16666667163372,0,0.335999995470047,0.00916164740920067,0.0310691148042679,7.8379487991333,3.54275274276733,0.189059004187584,-1.22349548339844,5972.55419921875,0.00999999977648258
Iraq,0.407000005245209,0,0,0,0.639999985694885,133,,,90.8454742431641,,,1,82.6129989624023,,0.126000002026558,438,0.196437999606133,0.0162060000002384,0,0,0.119999997317791,0.0710000023245811,0.0230000000447035,0.214000001549721,0.649999976158142,0.189999997615814,0.0199999995529652,46,,0.0405000001192093,0.0740000009536743,0,0.800000011920929,0.400000005960464,1,6.88888883590698,6.88888883590698,-0.012636000290513,33.3139991760254,1,0,0.00999999977648258,0,0.113999992609024,0.360000014305115,0,0,0,0.970000028610229,0.783999979496002,0.00999999977648258,0.16666667163372,0,0.428999990224838,-0.0194206293672323,0.0340496301651001,8.10772037506104,1.73505222797394,0.212255999445915,-1.32013213634491,1828.83374023438,0.0523400008678436
Israel,0.00600000005215406,4,0.222000002861023,0,0.337999999523163,110,0.111199997365475,0.174700006842613,13.8508701324463,114.708999633789,59.2509994506836,0,230.354995727539,88.120002746582,0.209999993443489,21,,,0,0,5.32499980926514,1.22599995136261,0.291000008583069,6.84200000762939,0.980000019073486,0.479999989271164,0.101999998092651,71.6999969482422,0.0535999983549118,0.0368000008165836,0.0640000030398369,0,0,0,1,2,2.33333301544189,0.0155720002949238,32.0839996337891,1,0,0.00999999977648258,0,0.968000054359436,0.200000002980232,0,0,0.819999992847443,0.140000000596046,0.294999986886978,0.00999999977648258,0.16666667163372,0,0.769999980926514,0.0310913622379303,0.0260640177875757,8.11611843109131,55.5304832458496,0.294373989105225,-1.02443289756775,758.925964355469,0.0619800016283989
Japan,0.00300000002607703,5,0.732999980449677,0,0,118,0.122299998998642,0.237700000405312,0.00100000004749745,14.4350004196167,5.06699991226196,1,5.24700021743774,4.11999988555908,0,378,0.16720999777317,0.00331100006587803,0,0,4.89799976348877,1.60699999332428,0.204999998211861,6.71000003814697,1,0.740000009536743,0.0949999988079071,67.6999969482422,0.0738999992609024,0.031700000166893,0.00999999977648258,0,0,0,0,1.44444394111633,1,-0.0548739992082119,35.7120018005371,0,0.870000004768372,0,0,0.998000025749207,0.00999999977648258,0,0,0,0,0.0670000016689301,0.00999999977648258,1,0,0.624000012874603,0.0518334060907364,0.00946821738034487,7.99833536148071,53.668830871582,0.635819971561432,-0.744019508361816,44714.41796875,0.0563400015234947
Jordan,0.0370000004768372,5,0.666999995708466,0,1,116,0.0346000008285046,0.142000004649162,3.59060621261597,32.1860008239746,7.53900003433228,0,51.3380012512207,6.57999992370605,0.0209999997168779,89,0.263812988996506,0.0452249981462955,0,0,1.0440000295639,0.32600000500679,0.0260000005364418,1.39600002765656,0.769999980926514,0.25,0.00600000005215406,47.2000007629395,0.0772999972105026,0.0329000018537045,0.165999993681908,0,0.200000002980232,0.100000001490116,1,5.72222185134888,5.66666698455811,0.00290600000880659,31.6019992828369,1,0,0.0399999991059303,0,0.30799999833107,0.0500000007450581,0,0,0,0.920000016689301,0.837999999523163,0.0399999991059303,0.16666667163372,0,0.426999986171722,0.0199354477226734,0.0283790342509747,7.03966045379639,9.82736587524414,0.325500994920731,-1.35092723369598,439.005004882812,0.0215199999511242
Korea,0.00700000021606684,3,0.600000023841858,0,0,110,0.061999998986721,0.161699995398521,28.1955471038818,34.5629997253418,14.9309997558594,1,24.7450008392334,8.5600004196167,0.601999998092651,99,0.228423997759819,0.0293279998004436,0,0,2.48399996757507,0.657000005245209,0.0900000035762787,3.23099994659424,0.939999997615814,0.270000010728836,0.0469999983906746,54.2000007629395,0.0527999997138977,0.0351999998092651,0.0509999990463257,0,0.400000005960464,0.100000001490116,0,4.44444513320923,5.16666698455811,0.0181939993053675,37.5530014038086,0,0.159999996423721,0.119999997317791,0.600000023841858,0.529999971389771,0,0,0,0,0,0.233999997377396,0.119999997317791,0.5,0,0.27700001001358,0.0661794245243073,0.0185939464718103,6.7833251953125,21.9169235229492,0.11676499992609,-1.08441364765167,8453.513671875,0.0557999983429909
Malaysia,0.103000000119209,5,1,0,0.308999985456467,88,0.0399999991059303,0.192399993538857,2.15245389938354,20.4409999847412,2.81100010871887,1,14.2919998168945,5.9689998626709,0.0179999992251396,330,0.185240000486374,0.0154529996216297,0,0,1.8400000333786,0.441000014543533,0.0549999997019768,2.33599996566772,0.959999978542328,0.189999997615814,0.0120000001043081,54.2999992370605,0.0728000029921532,0.0281000006943941,0.0199999995529652,0,0.0399999991059303,0,0,3.11111092567444,4.05555486679077,-0.0347330011427402,3.26900005340576,1,0.270000010728836,0.00999999977648258,0.00999999977648258,0.803000032901764,0.720000028610229,0,0.0700000002980232,0,0.540000021457672,0.925999999046326,0.0199999995529652,0.666666686534882,0,0.252000004053116,0.0430878102779388,0.0261871796101332,7.23056316375732,16.8905944824219,0.283300012350082,-1.06102752685547,2817.25390625,0.0692000016570091
Nepal,0.00100000004749745,5,0.0890000015497208,0,0,73,0.00980000011622906,0.0496999993920326,37.3112335205078,,,0,,,0.207000002264977,141,0.237987995147705,0.0235459990799427,0,0,0.0529999993741512,0.0149999996647239,0.00300000002607703,0.0719999969005585,0.100000001490116,0.0599999986588955,0.00600000005215406,38.5,0.0295000001788139,0.00480000022798777,0.00499999988824129,0,0.0799999982118607,0,0,4.33333301544189,4.44444513320923,,27.7119998931885,0,0.0500000007450581,0,0,0.291999995708466,0.699999988079071,0,0.899999976158142,0,0.0299999993294477,0.648999989032745,0,,0,0.0309999994933605,0.0149295711889863,0.0238909348845482,6.40357398986816,0.461057305335999,0.0643680021166801,-0.711718559265137,4615.48291015625,0.238120004534721
Pakistan,0.00600000005215406,3,0,0,0,77,0.0149999996647239,0.107299998402596,35.2203063964844,15.5069999694824,7.48799991607666,0,7.30100011825562,6.06400012969971,0.610000014305115,796,0.171180993318558,0.0589369982481003,0,0,0.456999987363815,0.158999994397163,0.0109999999403954,0.628000020980835,0.300000011920929,0.109999999403954,0.00999999977648258,43.2999992370605,0.068400003015995,0.0153999999165535,0.0260000005364418,0.00688999984413385,0.319999992847443,0.00344499992206693,1,4.94444513320923,4.77777814865112,-0.000222000002395362,31.1730003356934,1,0,0.00999999977648258,0,0.625,0.639999985694885,0,0.00999999977648258,0,0.970000028610229,0.428000003099442,0.00999999977648258,0.16666667163372,0,0.221000000834465,0.0266031306236982,0.0305563937872648,6.4329400062561,4.03988647460938,0.324189990758896,-1.06944191455841,17144.556640625,0.101120002567768
Philippines,0.0189999993890524,3,0.156000003218651,0,0.0120000001043081,92,0.0299999993294477,0.119300000369549,20.9833164215088,16.3819999694824,11.164999961853,0,13.1459999084473,9.60900020599365,0.340000003576279,300,0.179508000612259,0.0358420014381409,0,0,3.0220000743866,0.550000011920929,0.204999998211861,3.77600002288818,0.949999988079071,0.259999990463257,0.127000004053116,53.0999984741211,0.0248000007122755,0.0232999995350838,0.0130000002682209,0,0.439999997615814,0,1,4.27777814865112,4.27777814865112,0.033636000007391,13.9219999313354,0,0.0199999995529652,0.829999983310699,0,0.925999999046326,0.740000009536743,0,0,0,0.0500000007450581,0.924000024795532,0.0900000035762787,0.16666667163372,0,0.303000003099442,0.0125329811125994,0.0274958796799183,7.01391553878784,26.4845447540283,0.216399997472763,-0.963382363319397,10517.27734375,0.089319996535778
Singapore,0.00100000004749745,4,1,0.0890000015497208,0.712999999523163,87,0.148200005292892,0.174199998378754,1.79217147827148,24.3729991912842,3.26900005340576,1,24.6340007781982,4.03299999237061,0.0179999992251396,1,0.321657985448837,0.0051060002297163,0,0,1.92400002479553,1.06299996376038,0,2.98699998855591,1,0.319999992847443,0.0640000030398369,63.7000007629395,0.0513999983668327,0.0333999991416931,0.00300000002607703,0,0,0,0,4.5,4.94444513320923,,1.35500001907349,1,0.46000000834465,0,0.150000005960464,0.768999993801117,0.419999986886978,0,0.0599999986588955,0,0.150000005960464,0.694999992847443,0,1,0,1,0.0616217516362667,0.0168573707342148,7.41034698486328,22.1347064971924,,-1.11321842670441,536.768981933594,0.0132999997586012
"Sri Lanka",0.0140000004321337,2,0.400000005960464,0.00899999961256981,0,51,0.0109999999403954,0.137199997901917,268.473266601562,17.1650009155273,8.60700035095215,1,14.3719997406006,7.53499984741211,0.870999991893768,66,0.229352995753288,0.0566180013120174,0,0,2.39000010490417,1.02400004863739,0.0120000001043081,3.42600011825562,0.949999988079071,0.270000010728836,0.00600000005215406,62.2999992370605,0.0559000000357628,0.0381999984383583,0.00999999977648258,0,0.0799999982118607,0,1,2.44444394111633,3.44444394111633,-0.0812230035662651,6.86800003051758,1,0.689999997615814,0.0399999991059303,0,0.859000027179718,0.469999998807907,0,0.150000005960464,0,0.0799999982118607,0.986000001430511,0.0399999991059303,0.333333343267441,0,0.179000005125999,0.0212047137320042,0.0190515741705894,7.14440727233887,24.4767398834229,0.317499995231628,-1.02443289756775,3550.15087890625,0.157979995012283
Syria,0.0839999988675117,1,0.333000004291534,0,0.797999978065491,78,,,110.80738067627,18.878999710083,9.35900020599365,0,14.3979997634888,9.61200046539307,0.10700000077486,185,0.247626006603241,0.0373920015990734,0,0,0.866999983787537,0.109999999403954,0.017000000923872,0.994000017642975,0.649999976158142,0.159999996423721,0.0370000004768372,50,0.0913999974727631,0.0304000005125999,0.0750000029802322,0,0.850000023841858,0.200000002980232,1,5.83333301544189,6.66666698455811,0.0101619996130466,33.4580001831055,0,0,0.0500000007450581,0,0.199000000953674,0.219999998807907,1,0,0,0.899999976158142,0.906000018119812,0.0500000007450581,0.16666667163372,0,0.368000000715256,0.0313808023929596,0.0334146954119205,7.33302307128906,7.2890248298645,,-1.28337681293488,1263.85302734375,0.00999999977648258
Taiwan,0.0219999998807907,3,0.711000025272369,0,0.990000009536743,116,0.0518999993801117,0.155399993062019,0.00100000004749745,,,1,,,0.153999999165535,36,0.251073002815247,0.0176899991929531,0,0,2.43400001525879,0.677999973297119,0.128000006079674,3.23900008201599,0.959999978542328,0.509999990463257,0.046000000089407,65.4000015258789,0.0758000016212463,0.0142000000923872,0.100000001490116,0,0.0500000007450581,0,0,5.16666698455811,4.66666698455811,0.0102800000458956,25.2590007781982,0,0.310000002384186,0.0199999995529652,0.310000002384186,0.227999985218048,0.419999986886978,0,0,0,0,0.163000002503395,0.0199999995529652,1,0,0.289000004529953,0.0608951710164547,0.0219189561903477,7.21450424194336,23.3677806854248,,-1.0930278301239,3617.478515625,0.156220003962517
Thailand,0.017000000923872,3,1,0,0.0230000000447035,75,0.0230000000447035,0.157800003886223,4.56322479248047,18.8990001678467,4.93900012969971,0,10.2040004730225,5.50799989700317,0.0270000007003546,513,0.179932996630669,0.0463760010898113,0,0,3.19600009918213,0.23199999332428,0.0240000002086163,3.45099997520447,0.829999983310699,0.129999995231628,0.0189999993890524,52.7000007629395,0.032600000500679,0.0181000009179115,0.025000000372529,0,0.439999997615814,0,1,3.94444394111633,3.77777791023254,-0.0185139998793602,13.7700004577637,0,0.949999988079071,0,0,0.172999992966652,0.660000026226044,0,0,0,0.0399999991059303,0.920000016689301,0.00999999977648258,0.5,0,0.125,0.0457153283059597,0.0256669316440821,6.82762908935547,23.5621471405029,0.243650004267693,-0.674718081951141,13441.4453125,0.0708599984645844
Austria,0.00400000018998981,4,0.777999997138977,0,0.980000019073486,100,0.100588031113148,0.133911967277527,0.00100000004749745,12.6630001068115,4.89400005340576,0,4.22700023651123,1.75999999046326,0,84,0.358556002378464,0.0164679996669292,0,0,3.09999990463257,0.48199999332428,0.0689999982714653,3.65100002288818,1,0.5,0.0799999982118607,68.8000030517578,0.0423000007867813,0.0248000007122755,0.0120000001043081,0,0,0,0,1,1,0.0109430002048612,48.2309989929199,0,0,0.850000023841858,0,0.970999956130981,0.129999995231628,0,0,0,0,0.197999998927116,0.0599999986588955,1,0,0.499000012874603,0.0292212925851345,0.00236847391352057,8.54714012145996,31.2056083679199,0.563212990760803,-0.733552634716034,3384.44946289062,0.0859799981117249
Belgium,0,5,0.777999997138977,0,0.344999998807907,100,0.0634799972176552,0.170819997787476,0.00100000004749745,11.6000003814697,5.11199998855591,1,3.25099992752075,2.72000002861023,0,31,0.416233986616135,0.014720999635756,0,0,5.81199979782104,1.40499997138977,0.144999995827675,7.36199998855591,1,0.689999997615814,0.0900000035762787,69.6999969482422,0.0291000008583069,0.0463000014424324,0.0350000001490116,0,0,0,0,1,1,-0.00152100005652755,50.8370018005371,0,0,0.75,0,0.999000012874603,0.550000011920929,0,0,0,0,0.238000005483627,0.129999995231628,1,0,0.660000026226044,0.0285708829760551,0.00249368231743574,8.62227344512939,63.4771766662598,0.599988996982574,-0.953992605209351,3525.73559570312,0.0368800014257431
Cyprus,0.00400000018998981,5,1,0,0.00300000002607703,92,0.0551000013947487,0.25780001282692,3.02042436599731,15.0340003967285,5.90100002288818,0,10.8290004730225,4.11999988555908,0.0299999993294477,9,0.334834009408951,0.0251490008085966,0,0,3.58200001716614,0.663999974727631,0.0469999983906746,4.29300022125244,1,0.469999998807907,0.00899999961256981,68.8000030517578,0.0324000008404255,0.0118000004440546,0.0240000002086163,0,0.119999997317791,0,1,2.11111092567444,2.83333301544189,0.00488199992105365,35.0810012817383,1,0,0,0,0.870000004768372,0.349999994039536,0,0,0,0.180000007152557,0.842999994754791,0,0.333333343267441,0,0.356000006198883,0.0452856309711933,0.00681857066228986,7.62021493911743,32.7135848999023,0.483758985996246,-0.891354203224182,234.9873046875,0.0862599983811378
Denmark,0.00600000005215406,4,0.777999997138977,0,0.00499999988824129,112,0.0734999999403954,0.1925999969244,0.00100000004749745,11.9440002441406,7.78800010681152,0,6.49700021743774,2.34999990463257,0,43,0.360042005777359,0.0148130003362894,0,0,7.7039999961853,1.2039999961853,0.476999998092651,9.38399982452393,1,0.649999976158142,0.104000002145767,72.1999969482422,0.046000000089407,0.0339000001549721,0.0280000008642673,0,0,0,0,1,1,0.00518100010231137,55.7179985046387,0,0,0.00999999977648258,0,0.999000012874603,0.0500000007450581,0,0,0,0,0.46000000834465,0.920000016689301,1,0,0.736999988555908,0.022955235093832,0.00371441384777427,8.81700134277344,82.7387390136719,0.47545999288559,-0.783728539943695,2092.142578125,0.0718000009655952
Finland,0.00400000018998981,4,0.777999997138977,0,0,126,0.11695796251297,0.252142041921616,0.00100000004749745,15.3830003738403,8.3730001449585,0,6.26399993896484,4.13000011444092,0,338,0.277572989463806,0.0159120000898838,0,0,7.0770001411438,0.239999994635582,0.12899999320507,7.44700002670288,0.970000028610229,0.740000009536743,0.0740000009536743,68.5,0.0384999997913837,0.044599998742342,0.0189999993890524,0,0,0,0,1.83333301544189,1.94444394111633,0.0148029997944832,60.2120018005371,0,0,0,0,0.973000049591064,0.159999996423721,0,0,0,0,0.333000004291534,0.889999985694885,1,0,0.381000012159348,0.026391763240099,0.00421488098800182,8.5911865234375,63.9785652160645,0.408495008945465,-0.78329074382782,2024.06701660156,0.047860000282526
France,0.00499999988824129,4,0.800000011920929,0,1.00399994850159,98,0.0812633112072945,0.181136682629585,0.00100000004749745,15.996000289917,7.13299989700317,0,12.3319997787476,3.29999995231628,0,552,0.29313799738884,0.00551699986681342,0,0,3.46300005912781,0.531000018119812,0.0640000030398369,4.05700016021729,1,0.46000000834465,0.0750000029802322,70.4000015258789,0.0333999991416931,0.0230999998748302,0.0590000003576279,0.00410000002011657,0,0.00205000001005828,0,1,1.86111104488373,0.0089130001142621,48.8569984436035,0,0,0.899999976158142,0,0.90800005197525,0.259999990463257,0,0,0.00999999977648258,0.00999999977648258,0.252999991178513,0.0199999995529652,1,0,0.624000012874603,0.0267352573573589,0.00707770651206374,8.69634342193604,35.2810668945312,0.500615000724792,-0.839098215103149,19740.056640625,0.0522000007331371
"Germany, West",0.00499999988824129,5,0.800000011920929,0,0.949000000953674,109,0.0778709203004837,0.207929074764252,0.00100000004749745,10.3229999542236,4.03000020980835,1,4.63199996948242,1.75999999046326,0,249,0.304720014333725,0.0116579998284578,0,0,7.17399978637695,0.391000002622604,0.0579999983310699,7.62200021743774,1,0.529999971389771,0.0610000006854534,69.4000015258789,0.0425000004470348,0.0210999995470047,0.0450000017881393,0.00335999997332692,0.0799999982118607,0.00167999998666346,0,1,1.63888895511627,0.0355359986424446,48.1609992980957,0,0,0.370000004768372,0,0.885999977588654,0.0299999993294477,0,0,0,0,0.108999997377396,0.449999988079071,1,0,0.773999989032745,0.0257228966802359,0.00290832109749317,8.80387496948242,67.1031341552734,0.424760013818741,-0.750352621078491,26175.462890625,0.064580000936985
Greece,0.017000000923872,4,0.800000011920929,0,0,116,0.0683600008487701,0.225140005350113,3.58652114868164,20.2180004119873,11.5380001068115,0,5.83799982070923,7.6100001335144,0.00700000021606684,132,0.288405001163483,0.0115890000015497,0,0,3.83100008964539,0.486000001430511,0.0979999974370003,4.41499996185303,1,0.370000004768372,0.0390000008046627,68.8000030517578,0.0675999969244003,0.0137000000104308,0.0410000011324883,0,0.200000002980232,0.200000002980232,1,1.94444394111633,2.22222208976746,0.0220970008522272,38.0579986572266,0,0,0,0,0.828000009059906,0.100000001490116,0,0,0,0.00999999977648258,0.653999984264374,0,0.5,0,0.428999990224838,0.0371188744902611,0.0068730297498405,7.63336944580078,33.7013244628906,0.322412014007568,-0.900171339511871,3384.92553710938,0.0439000017940998
Ireland,0.00899999961256981,5,0.643999993801117,0.741999983787537,0,119,0.0728299990296364,0.186969995498657,0.00100000004749745,14.9969997406006,9.38700008392334,1,8.61699962615967,5.69000005722046,0,70,0.345485001802444,0.00650299992412329,0,0,4.87900018692017,1.44000005722046,0.12899999320507,6.44799995422363,1,0.349999994039536,0.0810000002384186,69.6999969482422,0.0399000011384487,0.0285999998450279,0.0140000004321337,0,0,0,0,1,1.22222197055817,0.00460600014775991,54.6110000610352,1,0,0.930000007152557,0,0.971999943256378,0.0399999991059303,0,0,0,0,0.592999994754791,0.0299999993294477,0.833333313465118,0,0.458000004291534,0.0349684953689575,0.00897543225437403,8.0542049407959,51.9335136413574,0.62107902765274,-0.929375946521759,1118.86328125,0.0690800026059151
Italy,0.0020000000949949,3,0.800000011920929,0,0.00600000005215406,92,0.0603399984538555,0.189060002565384,0.00100000004749745,15.9329996109009,10.1940002441406,1,6.65500020980835,6.05999994277954,0,301,0.288439989089966,0.00599499978125095,0,0,3.6489999294281,0.845000028610229,0.0659999996423721,4.55999994277954,1,0.340000003576279,0.0659999996423721,69.4000015258789,0.0248000007122755,0.0303000006824732,0.0320000015199184,0,0.0399999991059303,0,0,1.22222197055817,1.55555605888367,-0.00918100029230118,45.4150009155273,0,0,1,0,0.968000054359436,0.0399999991059303,0,0,0,0,0.167999997735023,0,0.833333313465118,0,0.593999981880188,0.0315782427787781,0.00473189726471901,8.44677066802979,38.5172729492188,0.658577978610992,-0.884792029857635,20722.560546875,0.0571199990808964
Netherlands,0.0270000007003546,4,0.800000011920929,0,0,105,0.0808100029826164,0.177790001034737,0.00100000004749745,12.3000001907349,5.26200008392334,1,5.64099979400635,3.10500001907349,0,37,0.371897995471954,0.0145859997719526,0,0,4.82399988174438,0.500999987125397,0.0410000011324883,5.36499977111816,1,0.579999983310699,0.131999999284744,73.3000030517578,0.0716999992728233,0.0412000007927418,0.0439999997615814,0,0,0,0,1,1,0.00237199990078807,51.8740005493164,0,0,0.360000014305115,0,0.996999979019165,0.100000001490116,0,0,0,0,0.43299999833107,0.270000010728836,1,0,0.800000011920929,0.0239006876945496,0.00853974279016256,8.71669960021973,46.7650909423828,0.607810020446777,-1.03620111942291,4073.10375976562,0.0342600010335445
Norway,0.0790000036358833,4,0.777999997138977,0,0,107,0.101360000669956,0.190540000796318,0.00100000004749745,12.0109996795654,6.51900005340576,0,4.83199977874756,3.62400007247925,0,324,0.287586987018585,0.00399800017476082,0,0,4.83300018310547,0.739000022411346,0.0549999997019768,5.62599992752075,1,0.569999992847443,0.0689999982714653,73.4000015258789,0.0885000005364418,0.0348999984562397,0.034000001847744,0,0,0,0,1,1,0.00720799993723631,59.9770011901855,0,0,0.0199999995529652,0,0.999000012874603,0.0399999991059303,0,0,0,0,0.446000009775162,0.899999976158142,1,0,0.321000009775162,0.0312202628701925,0.00548177817836404,8.64047241210938,48.6112976074219,0.527490019798279,-0.934964001178741,1405.90063476562,0.0447599999606609
Portugal,0.0270000007003546,4,0.777999997138977,0,1,92,0.0569400005042553,0.168659999966621,6.7825608253479,18.9599990844727,12.1979999542236,0,9.59200000762939,8.52700042724609,0.0020000000949949,92,0.296436995267868,0.0136150000616908,0,0,1.62399995326996,0.282000005245209,0.0320000015199184,1.93900001049042,1,0.200000002980232,0.0350000001490116,63.7000007629395,0.0866999998688698,0.0137999998405576,0.061999998986721,0,0.280000001192093,0,0,2.22222208976746,2.38888907432556,,38.8160018920898,0,0,0.970000028610229,0,0.389999985694885,0.00999999977648258,0,0,0,0,0.361000001430511,0.00999999977648258,1,0,0.224999994039536,0.0402046851813793,0.00599057879298925,7.5304799079895,14.6016006469727,0.689440011978149,-0.96732085943222,3354.7626953125,0.0478399991989136
Spain,0.00600000005215406,5,0.777999997138977,0,0.727999985218048,89,0.0470799989998341,0.130319997668266,0.00100000004749745,17.7670001983643,10.5819997787476,0,4.875,5.15899991989136,0,505,0.235179007053375,0.00967600010335445,0,0,3.09899997711182,0.305000007152557,0.025000000372529,3.42899990081787,1,0.230000004172325,0.0399999991059303,68.9000015258789,0.025000000372529,0.00970000028610229,0.0199999995529652,0,0.0799999982118607,0,0,2.38888907432556,2.88888907432556,0.00970199983566999,37.3979988098145,0,0,0.990000009536743,0,0.103999994695187,0.439999997615814,0,0,0,0,0.465000003576279,0,0.833333313465118,0,0.565999984741211,0.0357077270746231,0.00882992334663868,8.05990791320801,27.6374225616455,0.60113000869751,-0.968373775482178,11563.763671875,0.0511999987065792
Sweden,0.00300000002607703,4,0.777999997138977,0,0,142,0.0509999990463257,0.1942999958992,0.00100000004749745,11.4849996566772,7.17500019073486,0,4.05700016021729,3.49399995803833,0,450,0.265778005123138,0.00862899981439114,0,0,5.11899995803833,2.2260000705719,0.234999999403954,7.57999992370605,0.959999978542328,0.550000011920929,0.090999998152256,73.1999969482422,0.0494999997317791,0.0412000007927418,0.0410000011324883,0,0,0,0,1.05555605888367,1,-0.000184999997145496,59.2779998779297,0,0,0.0199999995529652,0,0.999000012874603,0.0799999982118607,0,0,0,0,0.250999987125397,0.949999988079071,1,0,0.726000010967255,0.019165301695466,0.00382768851704895,8.92332458496094,67.638801574707,,-0.826907157897949,3271.75219726562,0.0764200016856194
Switzerland,0.0329999998211861,5,1,0,0.839999973773956,127,0.0529999993741512,0.2449000030756,0.00100000004749745,8.88500022888184,4.4980001449585,1,4.64099979400635,2.26699995994568,0,41,0.379485011100769,0.00452699977904558,0,0,5.06699991226196,1.50399994850159,0.294999986886978,6.86600017547607,1,0.259999990463257,0.0670000016689301,71.3000030517578,,0.0296999998390675,0.0270000007003546,0,0,0,0,1,1,0.013973000459373,47.4080009460449,0,0,0.479999989271164,0,0.996999979019165,0.5,0,0,0,0,0.104000002145767,0.439999997615814,1,0,0.509999990463257,0.0168379694223404,0.00704847415909171,9.17336559295654,62.9843292236328,1.01974999904633,-0.760997831821442,2505.12646484375,0.013399999588728
Turkey,0.0199999995529652,3,0.133000001311302,0,0.0140000004321337,99,0.0390000008046627,0.163100004196167,20.2742195129395,35.3689994812012,27.9640007019043,0,22.7299995422363,24.5820007324219,0.749000012874603,779,0.211059004068375,0.0263550002127886,0,0,1.69200003147125,0.233999997377396,0.0189999993890524,1.94500005245209,0.75,0.140000000596046,0.028999999165535,50.5,0.0857999995350838,0.0267999991774559,0.0500000007450581,0,0.307000011205673,0,1,3.33333301544189,3.88888907432556,,41.2019996643066,0,0,0,0,0.763999998569489,0.25,0,0,0,1,0.91100001335144,0,0.5,0,0.296999990940094,0.0271454639732838,0.0243063475936651,7.37400197982788,14.3424339294434,0.201930001378059,-0.678061544895172,13963.568359375,0.0279600005596876
"United Kingdom",0.0219999998807907,4,0.777999997138977,0.973999977111816,0,99,0.0685999989509583,0.115800000727177,0.00100000004749745,15.4160003662109,8.30700016021729,1,14.7569999694824,5.82499980926514,0,245,0.282938987016678,0.00504799978807569,0,0,6.76900005340576,0.912000000476837,0.0560000017285347,7.73699998855591,0.920000016689301,0.660000026226044,0.0900000035762787,70.8000030517578,0.0806000009179115,0.0344999991357327,0.063000001013279,0,0.239999994635582,0,0,1,1,0.0111170001327991,51.5099983215332,0,0,0.150000005960464,0,0.99099999666214,0.319999992847443,0,0,0.00999999977648258,0,0.166999995708466,0.839999973773956,1,0,0.85699999332428,0.0206758640706539,0.00276848557405174,8.78094100952148,67.9381408691406,0.365090012550354,-0.770676374435425,24232.525390625,0.0828600004315376
Yugoslavia,0.025000000372529,1,0,0,0,,,,,,,,,,1.91600000858307,,,,0,0,3.88000011444092,0.314000010490417,0.0480000004172325,4.24200010299683,1,0.340000003576279,0.0860000029206276,63.2999992370605,0.1841000020504,,0.0670000016689301,0.0100999996066093,0,0.00504999980330467,,5.88888883590698,5.22222185134888,,43.7729988098145,0,0,0.699999988079071,0,0.508000016212463,,0,0,0,0.180000007152557,0.402999997138977,0.00999999977648258,0.5,0,0.279000014066696,0.02647122181952,0.00881722196936607,7.57712173461914,32.1421508789062,,-0.78921765089035,8358.1884765625,0.0926999971270561
Australia,0.0379999987781048,5,0.689000010490417,0.949999988079071,0,129,0.0949999988079071,0.221000000834465,0.00100000004749745,13.5159997940063,7.35699987411499,0,8.06700038909912,4.32999992370605,0,7687,,,0,0,6.35300016403198,2.46399998664856,0.112000003457069,8.93000030517578,1,0.509999990463257,0.130999997258186,70.6999969482422,0.0859000012278557,0.0217000003904104,0.0280000008642673,0.0172000005841255,0,0.00860000029206276,0,1,1,0.00604799995198846,32.2190017700195,1,0,0.259999990463257,0,0.999000012874603,0.319999992847443,0,0,0,0,0.810999989509583,0.5,1,0,0.805999994277954,0.0188968740403652,0.0164529960602522,8.97208309173584,80.1207046508789,0.496933996677399,-0.901894807815552,4185.8271484375,0.030460000038147
Fiji,0.0390000008046627,5,0.342000007629395,0.00800000037997961,0,93,,,5.48435115814209,18.2639999389648,7.07299995422363,0,22.4230003356934,7.40999984741211,,18,,,0,0,4.31799983978271,0.404000014066696,0.215000003576279,4.93699979782104,0.850000023841858,0.150000005960464,0,59.2000007629395,0.0522000007331371,0.0127999996766448,,,0,,0,2.61111092567444,2.38888907432556,,17.8269996643066,1,0,0.0900000035762787,0,,,0,0.379999995231628,0,0.0799999982118607,0.976999998092651,0.430000007152557,,0,0.296999990940094,0.0189677961170673,0.0223633889108896,7.62705755233765,37.6547813415527,0.279069989919662,-1.28518283367157,108.980400085449,
"New Zealand",0.0109999999403954,5,0.200000002980232,0.899999976158142,0,101,,,0.00100000004749745,14.9870004653931,9.31400012969971,0,14.6180000305176,5.84999990463257,0,269,0.150365993380547,0.0243769995868206,0,0,7.24900007247925,2.25999999046326,0.104000002145767,9.61200046539307,1,0.730000019073486,0.131999999284744,71,0.0675999969244003,0.0255999993532896,0.0189999993890524,0,0,0,0,1,1,0.022919999435544,36.8919982910156,1,0,0.150000005960464,0,1,0.370000004768372,0,0,0,0,0.889999985694885,0.519999980926514,1,0,0.759999990463257,0.0113192377611995,0.0118714207783341,8.97903823852539,86.3065185546875,0.271479994058609,-0.986981451511383,884.04443359375,0.0701399967074394
"Papua New Guinea",0.19200000166893,5,0,0.0149999996647239,0,105,0.0281000006943941,0.134800001978874,,,5.67199993133545,1,13.8610000610352,5.50400018692017,,463,0.209218993782997,0.0210790000855923,0,0,1.22599995136261,0.112999998033047,0.0120000001043081,1.35099995136261,0.319999992847443,0.00999999977648258,0,41,0.0961000025272369,0.0232999995350838,0.0140000004321337,,0,,0,2.30555605888367,2,-0.024550000205636,6.59999990463257,0,0,0.219999998807907,0,,0.419999986886978,0,0,0,0,0.971000015735626,0.439999997615814,0.666666686534882,0,0.0270000007003546,0.0112774912267923,0.0234445407986641,7.00215578079224,9.45991230010986,,-0.616371333599091,1036.60803222656,0.383879989385605
